split,image,frame,nearest_train_by_frame,frame_gap,nearest_train_by_look,hash_distance
valid,frame_with_red_1122_jpg.rf.4913737f017e30a490b688f3b3f882d3.jpg,1122,frame_with_red_1123_jpg.rf.4e926fbfefea4dc20fb2a0b1435d3962.jpg,1,frame_with_red_792_jpg.rf.1eb44ff0bda623603cd864d4e9b30c6c.jpg,15
valid,frame_with_red_1126_jpg.rf.7d0d46a9d44c085d52865d2915db1a6e.jpg,1126,frame_with_red_1127_jpg.rf.7d930b722ae42c71f7882a2fd235d885.jpg,1,frame_with_red_6206_jpg.rf.1023bcdb96d3b0dc939049f9e973184c.jpg,16
valid,frame_with_red_1134_jpg.rf.f48dd689aaadc622862a90b0312036ed.jpg,1134,frame_with_red_1133_jpg.rf.b6f3b7ef7211fb661f50fd892ef49e19.jpg,1,frame_with_red_10490_jpg.rf.c6857ec3d3db429a3758072b84f85192.jpg,26
valid,frame_with_red_1177_jpg.rf.3d63281bfa26b95862637d032fc1739a.jpg,1177,frame_with_red_1175_jpg.rf.f72d4461408b6951e0703365374202d8.jpg,2,frame_with_red_4390_jpg.rf.9e19dcfb5597e774fab528d137a2faa3.jpg,24
valid,frame_with_red_1195_jpg.rf.7ddeb6a41117242dc00ca1fe0b7c294d.jpg,1195,frame_with_red_1191_jpg.rf.44deeac77632b5747069252d203de86c.jpg,4,frame_with_red_6806_jpg.rf.b4f9e624027f5447d25abd53a886a9c4.jpg,26
valid,frame_with_red_1223_jpg.rf.38674252b17218fb1480a2fda5bdc31e.jpg,1223,frame_with_red_1229_jpg.rf.a54d1a8ba0ed01f3916e73c63849b3ba.jpg,6,frame_with_red_2223_jpg.rf.df4395409df500b89a40fafa9ee2e858.jpg,19
valid,frame_with_red_1232_jpg.rf.d76ab003a5147400e3ca581500081aa8.jpg,1232,frame_with_red_1231_jpg.rf.8bd09795f2ba76d3b8a829f948eaeab6.jpg,1,frame_with_red_2699_jpg.rf.1a21f4e2c79edea5cea223305f00c45a.jpg,25
valid,frame_with_red_1308_jpg.rf.c8a8e93c35f2fed1d5e15e3255d01b81.jpg,1308,frame_with_red_1312_jpg.rf.226c05a0a51996614d298b61a41941f0.jpg,4,frame_with_red_5263_jpg.rf.6ccb680c8bb7c7cb185aed730cb4ddac.jpg,12
valid,frame_with_red_1327_jpg.rf.8cad0c8be9fbfaf76c792d0ff6ea7eb2.jpg,1327,frame_with_red_1323_jpg.rf.aa676f0116db7303fb9935c2ea184c25.jpg,4,frame_with_red_8832_jpg.rf.5fe7afc7ed12152930a528cef2084900.jpg,18
valid,frame_with_red_132_jpg.rf.75df740a596ddc6a75c6f11eb90a08bb.jpg,132,frame_with_red_133_jpg.rf.ea4d55953025fa973860ab9ac85dc018.jpg,1,frame_with_red_2265_jpg.rf.05a3cffec77c71d6b88713e747c6aaa9.jpg,21
valid,frame_with_red_137_jpg.rf.356b5ba333c0e426a8162a6214fa48bb.jpg,137,frame_with_red_139_jpg.rf.dcc6a1e1500ec4632112ebbd00de3f76.jpg,2,frame_with_red_11926_jpg.rf.01c99ca66010306e809a4c4cdf59156f.jpg,15
valid,frame_with_red_1393_jpg.rf.c660efa3166e4a308cdc6b9325728117.jpg,1393,frame_with_red_1399_jpg.rf.a5d77c5f151f16de4e4580b3906c1cc8.jpg,6,frame_with_red_4559_jpg.rf.9a77a90df6af5f8b7ad22e18588782d4.jpg,18
valid,frame_with_red_1433_jpg.rf.d9ef670a6e69fe70bb98fdc6e7e8652a.jpg,1433,frame_with_red_1439_jpg.rf.169ef5716b331550700efcbfe727157d.jpg,6,frame_with_red_1290_jpg.rf.d1eb8d45ca7c0ce9528f0cb9ee60e004.jpg,21
valid,frame_with_red_1456_jpg.rf.d034d921b24798902a0fe6d02a9d6846.jpg,1456,frame_with_red_1458_jpg.rf.c2594213d1ff80e7c369162b1aa25bd4.jpg,2,frame_with_red_5662_jpg.rf.60ae8d522ff54a060ed8627739d61fe0.jpg,19
valid,frame_with_red_1571_jpg.rf.c738d8a97f5ab75566f5d52f851ac62e.jpg,1571,frame_with_red_1570_jpg.rf.0bf4bda14cc36d83e0042b1df4d2c7c3.jpg,1,frame_with_red_7771_jpg.rf.0b1d612337acb782b95559ea540862bc.jpg,17
valid,frame_with_red_1572_jpg.rf.199f86b307ee7466970ae4d2b5d85010.jpg,1572,frame_with_red_1570_jpg.rf.0bf4bda14cc36d83e0042b1df4d2c7c3.jpg,2,frame_with_red_1127_jpg.rf.7d930b722ae42c71f7882a2fd235d885.jpg,14
valid,frame_with_red_1595_jpg.rf.8bda7513e7d714c86c15e470fcdeb8a6.jpg,1595,frame_with_red_1593_jpg.rf.b0bd121a36649acfcfd02fbd053e21be.jpg,2,frame_with_red_3050_jpg.rf.3381f55b873c5ed19d9df9b4600dc6dd.jpg,13
valid,frame_with_red_1688_jpg.rf.9c025fe5d8243749bd3cea963f951549.jpg,1688,frame_with_red_1687_jpg.rf.1e4ac486e7dce702ebf9a11ee247eba3.jpg,1,frame_with_red_4736_jpg.rf.a423a61db2d046e6ebcf43e0c33d8bfa.jpg,17
valid,frame_with_red_1782_jpg.rf.81a2a23cd11faeacdd53731f8e5d2d49.jpg,1782,frame_with_red_1780_jpg.rf.ef22982544122e1ee25a29ef6d1bea9f.jpg,2,frame_with_red_3851_jpg.rf.a4982c30282e90886322241a4b941eb7.jpg,24
valid,frame_with_red_1823_jpg.rf.03473f915e83ecc2a006f642bc6abec2.jpg,1823,frame_with_red_1834_jpg.rf.829ef8d72ca640c3fa6b217cfdeca72d.jpg,11,frame_with_red_5021_jpg.rf.a350b01d05c0fdaa536fa34a218ed0f1.jpg,17
valid,frame_with_red_1862_jpg.rf.d625acf22d53b9372878352f3823b01a.jpg,1862,frame_with_red_1863_jpg.rf.925d8874a1cc40f11442a4a9f7ceec09.jpg,1,frame_with_red_5054_jpg.rf.da4f0e3b7b1ffd40b39db066a3e28495.jpg,16
valid,frame_with_red_1892_jpg.rf.86dccb80bf0b61a71a04e207d60a6cee.jpg,1892,frame_with_red_1889_jpg.rf.9782a7ac94153555e7e3843049fbdce3.jpg,3,frame_with_red_1399_jpg.rf.a5d77c5f151f16de4e4580b3906c1cc8.jpg,25
valid,frame_with_red_1903_jpg.rf.2ffe315cb0fe1a908eafe3e649fffc41.jpg,1903,frame_with_red_1896_jpg.rf.5b6675cf4febd38c47e6a53be42d6c1a.jpg,7,frame_with_red_5035_jpg.rf.44e62969b9a92d5df498f60b7935a326.jpg,22
valid,frame_with_red_1946_jpg.rf.73ea57198a4ceed1a5c4ca690a70f9b2.jpg,1946,frame_with_red_1946_jpg.rf.944d490ec341c7117dfa4b9ebc545ecd.jpg,0,frame_with_red_2186_jpg.rf.3ca0d1825f551441dd2101e8e4c60d69.jpg,19
valid,frame_with_red_1948_jpg.rf.d83430522cb8a7fd1f4599777cd646ed.jpg,1948,frame_with_red_1949_jpg.rf.7f2cb21ca1091b4b8ea82d1a97cac7b1.jpg,1,frame_with_red_3664_jpg.rf.1c510e1d43a590ef6b8cf60d49fc7b9e.jpg,19
valid,frame_with_red_2046_jpg.rf.caf9fd209eec9618cffde823ee0ec3a7.jpg,2046,frame_with_red_2041_jpg.rf.ca0d4c591e115e3e0e1a55e7ec94d457.jpg,5,frame_with_red_1780_jpg.rf.ef22982544122e1ee25a29ef6d1bea9f.jpg,21
valid,frame_with_red_2115_jpg.rf.4a0954186d0ad5049745280557faf8e1.jpg,2115,frame_with_red_2119_jpg.rf.1d43cbd4d3f4a3ab076a5d684863fd3b.jpg,4,frame_with_red_2814_jpg.rf.767390e989970a06b25f1c64d94625e8.jpg,16
valid,frame_with_red_2127_jpg.rf.4bbd96b3745c6c9dbe65b8b78c819c72.jpg,2127,frame_with_red_2130_jpg.rf.e95d2184840b265d6eda83b0671fc5d2.jpg,3,frame_with_red_3856_jpg.rf.3bf4ea3e44adcea7478761baeedb5bc6.jpg,14
valid,frame_with_red_2133_jpg.rf.b15012215c94a5f95e207d2aab4a35cf.jpg,2133,frame_with_red_2130_jpg.rf.e95d2184840b265d6eda83b0671fc5d2.jpg,3,frame_with_red_3523_jpg.rf.88f551f79d51a083323898fa0ea22333.jpg,25
valid,frame_with_red_215_jpg.rf.f9ca37e3128050d5da8bd6f2519cb58a.jpg,215,frame_with_red_208_jpg.rf.c76c4799fa8c44db014695aa51a86933.jpg,7,frame_with_red_11808_jpg.rf.c945fa3fe06ca65a8721df2e500b7fef.jpg,22
valid,frame_with_red_220_jpg.rf.480e53d435de7b2189a3acda931f4e1a.jpg,220,frame_with_red_225_jpg.rf.1d9776c267300dc5b1ad762cbcd62292.jpg,5,frame_with_red_2556_jpg.rf.91fd3dbee2f4f0fbd27c42e359b2fb8c.jpg,21
valid,frame_with_red_2223_jpg.rf.16030b17c980e6841d22f8db05e04c36.jpg,2223,frame_with_red_2223_jpg.rf.df4395409df500b89a40fafa9ee2e858.jpg,0,frame_with_red_8950_jpg.rf.ff6df37d3565553d5528c8a63e2fedf9.jpg,19
valid,frame_with_red_2243_jpg.rf.282a45bcabb39475bdf4536575ab8bbb.jpg,2243,frame_with_red_2246_jpg.rf.c451d4d665cddc9fd85733d05b7fc613.jpg,3,frame_with_red_440_jpg.rf.976e1062d2e6f76e97dbf2667cc9cd22.jpg,21
valid,frame_with_red_2247_jpg.rf.753ff4129ec0cbb4dbafc9ab61b1267c.jpg,2247,frame_with_red_2247_jpg.rf.0e2f67aba02151894a4353ccfa7d1e94.jpg,0,frame_with_red_1050_jpg.rf.7a32583caf3ec7296d9c245816c21e64.jpg,17
valid,frame_with_red_2259_jpg.rf.652dbc15d2c8e089ad2c6e73bd651b3c.jpg,2259,frame_with_red_2265_jpg.rf.05a3cffec77c71d6b88713e747c6aaa9.jpg,6,frame_with_red_2754_jpg.rf.8374e8d17a408c95313f7174923c4693.jpg,19
valid,frame_with_red_2289_jpg.rf.6e1fa889c48ec6bbef4bc93f8c0cabd2.jpg,2289,frame_with_red_2280_jpg.rf.4f413f03ca95c8e43897641d4e57bd41.jpg,9,frame_with_red_1098_jpg.rf.50b01715d2976272b2cf4c19df8db1d8.jpg,22
valid,frame_with_red_2409_jpg.rf.416352a2ccefdce25fa1cf2f09ec2233.jpg,2409,frame_with_red_2409_jpg.rf.7abb191f2d9e42cb4871aa1f0072b636.jpg,0,frame_with_red_1290_jpg.rf.d1eb8d45ca7c0ce9528f0cb9ee60e004.jpg,19
valid,frame_with_red_2617_jpg.rf.bfb5a23c60476fbcdbf34468e4904d87.jpg,2617,frame_with_red_2605_jpg.rf.b443c958f66ec2914a9fa6798e23bcad.jpg,12,frame_with_red_2562_jpg.rf.cabe86357762568a8d319166decb64c0.jpg,29
valid,frame_with_red_2659_jpg.rf.a38bd49cbdb14e7a6b946fbdcfb6ddae.jpg,2659,frame_with_red_2669_jpg.rf.2c39664b1dba703930d818e65aca9fa4.jpg,10,frame_with_red_8146_jpg.rf.9ace522beb2d8dba188cbaab291a6815.jpg,17
valid,frame_with_red_2743_jpg.rf.13c0924c9d103b0b39c6b5f2b3ebfdbc.jpg,2743,frame_with_red_2738_jpg.rf.ab3babd65a0a50fe49fe114c1f84ae8b.jpg,5,frame_with_red_11926_jpg.rf.01c99ca66010306e809a4c4cdf59156f.jpg,19
valid,frame_with_red_2840_jpg.rf.aa1f214f8c8949390bf90de17ed9d6ca.jpg,2840,frame_with_red_2838_jpg.rf.8ac9c607b28903d5a4735374efaa12ad.jpg,2,frame_with_red_2247_jpg.rf.0e2f67aba02151894a4353ccfa7d1e94.jpg,23
valid,frame_with_red_2878_jpg.rf.bbb5df1574bc13250db4957addf9f938.jpg,2878,frame_with_red_2882_jpg.rf.8fafb324802f8a33e8b43803ef68a8c1.jpg,4,frame_with_red_94_jpg.rf.c7eb58e7ad6d23d54c1939d85b631fbc.jpg,24
valid,frame_with_red_2880_jpg.rf.8ccd196c3496e407ce7322d156e18b87.jpg,2880,frame_with_red_2882_jpg.rf.8fafb324802f8a33e8b43803ef68a8c1.jpg,2,frame_with_red_4685_jpg.rf.217e4cb498f5ec7ccaea25b950fde0bf.jpg,17
valid,frame_with_red_3080_jpg.rf.762bd6700da5cdf06c24802fe6d85e80.jpg,3080,frame_with_red_3078_jpg.rf.e960af77695874816d9f7c534de9dd5d.jpg,2,frame_with_red_8295_jpg.rf.96d2d85cba2ebe7ce2800f0e246aed9d.jpg,27
valid,frame_with_red_3482_jpg.rf.be009d6705d3241188d4cea2d669d7ca.jpg,3482,frame_with_red_3484_jpg.rf.942ba89759feb590c3bd574286ded540.jpg,2,frame_with_red_13205_jpg.rf.080ca5e6785d095d3494ac992960f560.jpg,20
valid,frame_with_red_36_jpg.rf.67b01d8674fa4457497b00f3ca2116b3.jpg,36,frame_with_red_35_jpg.rf.8481c51b0e9f68edb7dee107cd09eb81.jpg,1,frame_with_red_517_jpg.rf.08fc513e229c1c5e254d29764f11d10c.jpg,22
valid,frame_with_red_3888_jpg.rf.01ffed355aafe073c82b5f1b39f8ec9e.jpg,3888,frame_with_red_3891_jpg.rf.2940b70bce44aa243ca1d2a584cc7b1c.jpg,3,frame_with_red_2887_jpg.rf.dabb7bf101acb93fc2aed66af5fb8e7f.jpg,27
valid,frame_with_red_4085_jpg.rf.d0f49175346ef4218aec3567b86f84ae.jpg,4085,frame_with_red_4089_jpg.rf.4098bdc8c7eee94dd3c077d8f8b38dd6.jpg,4,frame_with_red_8974_jpg.rf.46896b1c4a700fbb7a13efc264736fd9.jpg,16
valid,frame_with_red_4135_jpg.rf.6d972ab2f6731a06e6bb1b18eec05994.jpg,4135,frame_with_red_4145_jpg.rf.c6dffd3362b08b6dd4e71a41dd5cae96.jpg,10,frame_with_red_727_jpg.rf.5610a6c1114681227b84605b63cf4a6f.jpg,17
valid,frame_with_red_415_jpg.rf.1be6356891166127f560fa3c99e5a258.jpg,415,frame_with_red_412_jpg.rf.82192fa29174a742fac3ec32daac8626.jpg,3,frame_with_red_2309_jpg.rf.0870acf053f8a5711b56a775f927d001.jpg,15
valid,frame_with_red_4165_jpg.rf.b84928665f2a38d828291337e603b8b1.jpg,4165,frame_with_red_4167_jpg.rf.cd1ec46559954837a1bcad6442ca3457.jpg,2,frame_with_red_2887_jpg.rf.dabb7bf101acb93fc2aed66af5fb8e7f.jpg,27
valid,frame_with_red_4304_jpg.rf.fff0adbb3e3e5276139ef808663ae67a.jpg,4304,frame_with_red_4306_jpg.rf.244487f98662d0e19a34f455ef923465.jpg,2,frame_with_red_6507_jpg.rf.2ef629779c432e81681b676a66117af1.jpg,20
valid,frame_with_red_4535_jpg.rf.4865489f2c29d7a7ac5a922ed6f67ab8.jpg,4535,frame_with_red_4525_jpg.rf.56b667c3330104b3089526a6e8553f89.jpg,10,frame_with_red_6777_jpg.rf.7b53c93e5f5d4c0b8713323249ecb612.jpg,21
valid,frame_with_red_4704_jpg.rf.7b4a08d4e3c2c2b5b570f0d8e278a41c.jpg,4704,frame_with_red_4704_jpg.rf.2e17be382c77831fcfc57669f0b59331.jpg,0,frame_with_red_5033_jpg.rf.848e6f7d6cdf3e28f9bcc263fc188b28.jpg,17
valid,frame_with_red_4834_jpg.rf.34d22d17a467988785a269ba96610fc5.jpg,4834,frame_with_red_4836_jpg.rf.9fcf40b7328ded2e5cafd552aa07645b.jpg,2,frame_with_red_11926_jpg.rf.01c99ca66010306e809a4c4cdf59156f.jpg,17
valid,frame_with_red_4847_jpg.rf.e15bc1d6c09606ddce7f1d97c1a93fa0.jpg,4847,frame_with_red_4851_jpg.rf.6ab504cf0cf386ecdb8102f0a0db49d0.jpg,4,frame_with_red_2754_jpg.rf.8374e8d17a408c95313f7174923c4693.jpg,12
valid,frame_with_red_4925_jpg.rf.85bb135227d6333d32412bf3ca3d216a.jpg,4925,frame_with_red_4910_jpg.rf.f0c961b2aae3191e008d5f2b2fcdbba0.jpg,15,frame_with_red_7159_jpg.rf.8e32f2d27365ee90cd4c6bb107b429d4.jpg,19
valid,frame_with_red_5146_jpg.rf.fb72f03a5cbe62783836dbeeacd63f34.jpg,5146,frame_with_red_5166_jpg.rf.345b7de2686a5bf30e7ca00eefbb3e73.jpg,20,frame_with_red_8139_jpg.rf.1858e838bc8c3df65bfa3d21e4ba9b86.jpg,20
valid,frame_with_red_5165_jpg.rf.e88bcac3ba2ead53d8dfdbc887a1642f.jpg,5165,frame_with_red_5166_jpg.rf.345b7de2686a5bf30e7ca00eefbb3e73.jpg,1,frame_with_red_9024_jpg.rf.77698238d31cdc554be6d05a5e5f7ccb.jpg,16
valid,frame_with_red_531_jpg.rf.429cd27812e8ad2e0727a12859526908.jpg,531,frame_with_red_532_jpg.rf.76207cd49882ff59852cacaf4b330766.jpg,1,frame_with_red_625_jpg.rf.bd8476214712b39d1457120b084748f7.jpg,19
valid,frame_with_red_5359_jpg.rf.4699d614dc42bb797098b4805629d31b.jpg,5359,frame_with_red_5394_jpg.rf.78842fc57ac215c08b66f3e5b4ba44c1.jpg,35,frame_with_red_6013_jpg.rf.38fd3d760ab39549a5382f26c61f7607.jpg,10
valid,frame_with_red_5667_jpg.rf.916c8ad35d335ab83020892fc95670ad.jpg,5667,frame_with_red_5671_jpg.rf.b7040b65d75f6c2c34dff8779721f01e.jpg,4,frame_with_red_5591_jpg.rf.1598e93cda7da90c9240c60bd152be57.jpg,29
valid,frame_with_red_5859_jpg.rf.cf4d7c55a3159a66b7233e236832f3aa.jpg,5859,frame_with_red_5858_jpg.rf.faf352a88cb45c5f666a33689d667ac8.jpg,1,frame_with_red_12979_jpg.rf.fa118b38238b39325ef7266f539daa73.jpg,15
valid,frame_with_red_6043_jpg.rf.3d68d9b3f533811689e5b5ae143817d8.jpg,6043,frame_with_red_6040_jpg.rf.6ef059d7b8826c5bff0e34db92483ce1.jpg,3,frame_with_red_4545_jpg.rf.c88acbda7021c4ca9e82cf9304ffdb95.jpg,20
valid,frame_with_red_6071_jpg.rf.c7bbab41bbfd28c09ffa09ac59dfc939.jpg,6071,frame_with_red_6070_jpg.rf.20477fc476cf298fdfbe535ec606a427.jpg,1,frame_with_red_1050_jpg.rf.7a32583caf3ec7296d9c245816c21e64.jpg,17
valid,frame_with_red_6144_jpg.rf.c9f64a32b0ae95ea20c9fa31be348914.jpg,6144,frame_with_red_6143_jpg.rf.5c47214ee39aaf2c09f075af88f0a44b.jpg,1,frame_with_red_3725_jpg.rf.e308f67d560274befa82816830a02239.jpg,22
valid,frame_with_red_6159_jpg.rf.a1b3ab08f44e1d8731458f3596737114.jpg,6159,frame_with_red_6164_jpg.rf.8b5a791c4456b5d0685c0be4fae036cf.jpg,5,frame_with_red_4485_jpg.rf.c8a01249c0c1e675014194cfe3b38e6a.jpg,14
valid,frame_with_red_6194_jpg.rf.105aaa72b975464e4d15d52359f51d8b.jpg,6194,frame_with_red_6195_jpg.rf.a10ba565deddda32e4bc44fc789632bc.jpg,1,frame_with_red_3884_jpg.rf.147fe4972ceb70f941116dd14dfcc55d.jpg,13
valid,frame_with_red_6238_jpg.rf.bcb094a360cd319dbc6bc5ab0eaae996.jpg,6238,frame_with_red_6237_jpg.rf.8020f8b3dbeda933e7d09874faf7f38c.jpg,1,frame_with_red_8418_jpg.rf.7f6eee3862f14aad948aa2133a1e3940.jpg,21
valid,frame_with_red_6240_jpg.rf.3be78821a926282fbc9b21fc0ffea9b9.jpg,6240,frame_with_red_6237_jpg.rf.8020f8b3dbeda933e7d09874faf7f38c.jpg,3,frame_with_red_3398_jpg.rf.3075402de35c916a1054a737ec879eea.jpg,18
valid,frame_with_red_6264_jpg.rf.6a83f91db03e1448cad8e12e8498163e.jpg,6264,frame_with_red_6265_jpg.rf.e53b974835c9d2be7b4445b5b329d200.jpg,1,frame_with_red_4776_jpg.rf.7c7615087652995c65580b0946609470.jpg,14
valid,frame_with_red_6290_jpg.rf.4c2104ba17b94c9d503ea00054131d00.jpg,6290,frame_with_red_6288_jpg.rf.1235ad59ead38d0406dfcb9a13da975b.jpg,2,frame_with_red_4836_jpg.rf.9fcf40b7328ded2e5cafd552aa07645b.jpg,15
valid,frame_with_red_6313_jpg.rf.feaff20fe93898764fb7ced60d7571d4.jpg,6313,frame_with_red_6312_jpg.rf.0d1b556732a17c70a7baca8d60badb54.jpg,1,frame_with_red_5054_jpg.rf.da4f0e3b7b1ffd40b39db066a3e28495.jpg,18
valid,frame_with_red_6380_jpg.rf.8844818fde45c20cb438d25de4559879.jpg,6380,frame_with_red_6378_jpg.rf.6db3bf9d2651cce1b9df0e86041a597f.jpg,2,frame_with_red_2645_jpg.rf.a79d34e241897e3dbf65893987eccc48.jpg,20
valid,frame_with_red_644_jpg.rf.f82f7184bd95eba705a1ca74c5bdada4.jpg,644,frame_with_red_647_jpg.rf.d8457fb0ce54d2047ba56f3c40d30792.jpg,3,frame_with_red_3884_jpg.rf.147fe4972ceb70f941116dd14dfcc55d.jpg,18
valid,frame_with_red_6496_jpg.rf.c54474f01dd73e02eaaab8bb22258167.jpg,6496,frame_with_red_6493_jpg.rf.b322d795e510afdaca748b8bbd3548b8.jpg,3,frame_with_red_8668_jpg.rf.23843a02a70484db15baf448d5c7bdaf.jpg,13
valid,frame_with_red_6510_jpg.rf.f7ffad6c66c4c85c96e8a6b9d4800880.jpg,6510,frame_with_red_6510_jpg.rf.aa286df841f009ff65346bccceb02746.jpg,0,frame_with_red_8137_jpg.rf.89a199255cfa7c767ce082dec8606322.jpg,20
valid,frame_with_red_6680_jpg.rf.59ff0dfa0632c9b6a4149df1edb6b312.jpg,6680,frame_with_red_6681_jpg.rf.969108a05f458eb3ff2e855ae5cca19c.jpg,1,frame_with_red_7725_jpg.rf.ec118b147a66fb39f5a46c7e3083aeb3.jpg,16
valid,frame_with_red_6690_jpg.rf.b949bf377c3b84b579363142de465aef.jpg,6690,frame_with_red_6684_jpg.rf.6315ced9225407e776f65e2079921615.jpg,6,frame_with_red_10459_jpg.rf.9a7560a8521e7420d6a3b2f0130cbda4.jpg,19
valid,frame_with_red_6698_jpg.rf.664bdac477539d9380ead8947bb66dc2.jpg,6698,frame_with_red_6697_jpg.rf.5e7429789037d58a05233e8922fc0006.jpg,1,frame_with_red_3835_jpg.rf.d1bf0b66e469f856a5d8ed3564059faf.jpg,27
valid,frame_with_red_6752_jpg.rf.10f6cabd96267b13087ca3bff5e2bc87.jpg,6752,frame_with_red_6751_jpg.rf.c5570ea2170a4f8f150722bf9f737886.jpg,1,frame_with_red_6789_jpg.rf.b56d7212bf9fcf746d7b10cf4db85cc6.jpg,13
valid,frame_with_red_6971_jpg.rf.f4507f04e97e079bc4f9cd399a740555.jpg,6971,frame_with_red_6976_jpg.rf.e264c51fe67720290b7e1f6008fef0b7.jpg,5,frame_with_red_11891_jpg.rf.9a0bdca20be4aac4012e06fe21b51890.jpg,19
valid,frame_with_red_6983_jpg.rf.8d347bcae96feb82a1e8b162d21eb630.jpg,6983,frame_with_red_6981_jpg.rf.fa5d471fa6b0b3dde99ee7ef60a15445.jpg,2,frame_with_red_3711_jpg.rf.b27a10fb85d1a17cda6c2ee4c2989ec1.jpg,14
valid,frame_with_red_7001_jpg.rf.b13f6b97e8da44d5c2ab149aef6f277c.jpg,7001,frame_with_red_6999_jpg.rf.83fe64f6c13a5da462b495b2ee78eb0c.jpg,2,frame_with_red_1579_jpg.rf.2be541a88d34360b490b3771a955c9fd.jpg,21
valid,frame_with_red_702_jpg.rf.1aabf00b7309756b58672197dbcc3bd5.jpg,702,frame_with_red_701_jpg.rf.a268e420cc9d2f68764c6820780206d3.jpg,1,frame_with_red_4183_jpg.rf.1f28a3c303709c5755eadfca416238d4.jpg,16
valid,frame_with_red_7030_jpg.rf.1d4ce0e8ba341d6ecade3b307479a4f1.jpg,7030,frame_with_red_7031_jpg.rf.0aeaf5f4b36f288188ef891b0d22f7bc.jpg,1,frame_with_red_2041_jpg.rf.ca0d4c591e115e3e0e1a55e7ec94d457.jpg,15
valid,frame_with_red_7170_jpg.rf.68073bad31c11e29e87e013b96d30ae2.jpg,7170,frame_with_red_7164_jpg.rf.111f4fb46e85994d5d1c38bcc298a326.jpg,6,frame_with_red_8668_jpg.rf.23843a02a70484db15baf448d5c7bdaf.jpg,18
valid,frame_with_red_7267_jpg.rf.2d070fce873d891bde65922a4486bf5e.jpg,7267,frame_with_red_7265_jpg.rf.994f9912af14754517113a646f8e965a.jpg,2,frame_with_red_4217_jpg.rf.33d8d1e2755b1c93a2732c6ace3e5f01.jpg,13
valid,frame_with_red_7277_jpg.rf.0e7af45a2e330e8a993ddef6af02f754.jpg,7277,frame_with_red_7277_jpg.rf.33628e3157d676a11a1f7736a1a9b39f.jpg,0,frame_with_red_1484_jpg.rf.602426664cbabc1329c56a6a86b9ab03.jpg,15
valid,frame_with_red_7302_jpg.rf.6d6b3b3460cd582e662024ddf90baa9d.jpg,7302,frame_with_red_7300_jpg.rf.b60500e32d65a9940d887bc28a4f34fd.jpg,2,frame_with_red_5836_jpg.rf.03d33e3c9f1ac0e8d8a8f8c860861903.jpg,15
valid,frame_with_red_7340_jpg.rf.2198ad3b84f428b63e1a70ff859dcc33.jpg,7340,frame_with_red_7339_jpg.rf.4f239c1118ce413148fe6276f24d0def.jpg,1,frame_with_red_6937_jpg.rf.c6ab0fb7cf24d069d2b1b21855a230ce.jpg,19
valid,frame_with_red_7363_jpg.rf.23c0654f6391d35594c32285e4fb64a9.jpg,7363,frame_with_red_7368_jpg.rf.54de0b53682e2da825d89a4679ade7d8.jpg,5,frame_with_red_13364_jpg.rf.5a83f27a6b782d38f9140fefc7f0f795.jpg,18
valid,frame_with_red_7508_jpg.rf.1faf85c17eadf4014bdc5dd7afe0f5a7.jpg,7508,frame_with_red_7508_jpg.rf.02dd64bd86cb3647b0b471072db50664.jpg,0,frame_with_red_3518_jpg.rf.cf66b7c9b2491544553f9903c6d366f1.jpg,14
valid,frame_with_red_7555_jpg.rf.1768cf7eff0082c0573f3c40ea7d4a5a.jpg,7555,frame_with_red_7555_jpg.rf.cae545490aab496634847090e175cbd6.jpg,0,frame_with_red_2305_jpg.rf.299b930bbc5d171d288afa28bab0bbcd.jpg,17
valid,frame_with_red_7653_jpg.rf.a41fe59bb63528b4096451bbb2bdae6e.jpg,7653,frame_with_red_7653_jpg.rf.ec076169038d97e4dcf3753b59f6ffce.jpg,0,frame_with_red_7277_jpg.rf.33628e3157d676a11a1f7736a1a9b39f.jpg,17
valid,frame_with_red_7665_jpg.rf.c6994761a86e81ef6b8546b34767a425.jpg,7665,frame_with_red_7665_jpg.rf.89622039d47b42d051ce5ba20fe50c8f.jpg,0,frame_with_red_6373_jpg.rf.8f36dfd1865fc94f98b2789ae164900c.jpg,16
valid,frame_with_red_7687_jpg.rf.0a6a3fd6e8cf3cae9cc1141c7fe12ac7.jpg,7687,frame_with_red_7686_jpg.rf.28fc3cc02fb3b494203fcddebcfb5825.jpg,1,frame_with_red_5056_jpg.rf.ddbf2baebd17c6da107c22845b4308bf.jpg,16
valid,frame_with_red_7689_jpg.rf.5480ce8c577cc8eb96fc09676d8dff3a.jpg,7689,frame_with_red_7686_jpg.rf.28fc3cc02fb3b494203fcddebcfb5825.jpg,3,frame_with_red_8252_jpg.rf.cc94db7c57596806e6ec98479f98289a.jpg,16
valid,frame_with_red_7783_jpg.rf.3881c527d2da8a106490098e31e39717.jpg,7783,frame_with_red_7783_jpg.rf.91c7267aa0f0154838dae8da3f6dacfa.jpg,0,frame_with_red_8974_jpg.rf.46896b1c4a700fbb7a13efc264736fd9.jpg,23
valid,frame_with_red_7833_jpg.rf.ba334bdc7864be478f64ed6c67d010cd.jpg,7833,frame_with_red_7830_jpg.rf.f794bbe5c3f6b677fe534baa7334f94e.jpg,3,frame_with_red_3884_jpg.rf.147fe4972ceb70f941116dd14dfcc55d.jpg,14
valid,frame_with_red_7987_jpg.rf.7bb6e9d1c29a0f70b202779d36131817.jpg,7987,frame_with_red_7990_jpg.rf.57bcf96903fcf2e8b56bedfbd3e75362.jpg,3,frame_with_red_3285_jpg.rf.b369a226ad160d1f0bbed83903cfd97c.jpg,22
valid,frame_with_red_7988_jpg.rf.8a558bc64fa492838a61dd104d6b0434.jpg,7988,frame_with_red_7990_jpg.rf.57bcf96903fcf2e8b56bedfbd3e75362.jpg,2,frame_with_red_7274_jpg.rf.09a0a58ab21d19c822b0aaa4daa299e3.jpg,22
valid,frame_with_red_8189_jpg.rf.45c36da5bf9eac78ab81611535433974.jpg,8189,frame_with_red_8185_jpg.rf.c1aae6a23675f53b7bd026bdc7bc3189.jpg,4,frame_with_red_8292_jpg.rf.7349fe474d2739c60db3b146f1903790.jpg,26
valid,frame_with_red_8387_jpg.rf.d5938b4f045d2212d5308bf64c82c0eb.jpg,8387,frame_with_red_8385_jpg.rf.c52109f623260c66a6f533e89ff212f7.jpg,2,frame_with_red_7195_jpg.rf.457f365007b38ace4be456e27b26f014.jpg,19
valid,frame_with_red_8481_jpg.rf.9319ae8dd777a2d9d388ebec05dabaa3.jpg,8481,frame_with_red_8475_jpg.rf.6c34e5e0fde95d3391138c7c12fa4f73.jpg,6,frame_with_red_6472_jpg.rf.ac0f6e5ddc8ff1d493845356e121074e.jpg,17
valid,frame_with_red_8507_jpg.rf.01cc125160f2b0bb28dcf45d7e996a94.jpg,8507,frame_with_red_8501_jpg.rf.2d9ff7fba798cfec455dcf3bf577a5ce.jpg,6,frame_with_red_1496_jpg.rf.794592bf053bcc38810f1955a32147d8.jpg,14
valid,frame_with_red_8526_jpg.rf.0ec17314ecd7d335064fa2feb5c2d406.jpg,8526,frame_with_red_8525_jpg.rf.6c2766b914f91539b81670b268531eba.jpg,1,frame_with_red_9631_jpg.rf.8f45b863338efc3acc612738136c3577.jpg,23
valid,frame_with_red_8627_jpg.rf.c60fd42b32b3c655ed672d26647ea83d.jpg,8627,frame_with_red_8623_jpg.rf.6031487869b0b82087da7cc0fd129696.jpg,4,frame_with_red_8230_jpg.rf.767d4d6370b49c95f0dead6f21f34932.jpg,15
valid,frame_with_red_8649_jpg.rf.2822ea95a876cb3bf1b4dd12ab94a021.jpg,8649,frame_with_red_8657_jpg.rf.59c8073c02fdfde311b7e3b4416b80ab.jpg,8,frame_with_red_3856_jpg.rf.3bf4ea3e44adcea7478761baeedb5bc6.jpg,17
valid,frame_with_red_9018_jpg.rf.0fd7fd3684f23bc8dc8ae780a7a65f70.jpg,9018,frame_with_red_9019_jpg.rf.3c43c4c5e29ef26a0d04e2616319b1e9.jpg,1,frame_with_red_9221_jpg.rf.05f9d83e84c3ce265fa182c76d9672b8.jpg,24
valid,frame_with_red_9082_jpg.rf.613e73a26ccd195367f90331560152de.jpg,9082,frame_with_red_9072_jpg.rf.6a778964910a8ccf5fc7fe0dbfd2f93e.jpg,10,frame_with_red_7118_jpg.rf.68d5229b1143b500e80a7beebd9741fb.jpg,15
valid,frame_with_red_9311_jpg.rf.533905813e582fd0354f556e15ac2ed1.jpg,9311,frame_with_red_9312_jpg.rf.751ffaa6a480643e322f7adeab980cf7.jpg,1,frame_with_red_1127_jpg.rf.7d930b722ae42c71f7882a2fd235d885.jpg,17
valid,frame_with_red_9355_jpg.rf.163616714d0f815d23727f24fb7798f6.jpg,9355,frame_with_red_9353_jpg.rf.a28293f9b88f9b6a66bb7c78ba31ad12.jpg,2,frame_with_red_3300_jpg.rf.bd00a654ee3a36c5afbd44579d302f5f.jpg,18
valid,frame_with_red_967_jpg.rf.2120b1b8aba2fcd2b1c95371fc990d56.jpg,967,frame_with_red_964_jpg.rf.5ab44187b7e87a8011af82556e46d9e7.jpg,3,frame_with_red_7031_jpg.rf.0aeaf5f4b36f288188ef891b0d22f7bc.jpg,16
valid,frame_with_red_99_jpg.rf.2a8be16aa4e9b739372b671a61143db0.jpg,99,frame_with_red_100_jpg.rf.5eb2632127f4f418c425f6e4c42d1810.jpg,1,frame_with_red_7159_jpg.rf.8e32f2d27365ee90cd4c6bb107b429d4.jpg,17
test,frame_with_red_102_jpg.rf.b26fcfbe884684629d0fad40661cec00.jpg,102,frame_with_red_100_jpg.rf.5eb2632127f4f418c425f6e4c42d1810.jpg,2,frame_with_red_1962_jpg.rf.1aef1aeda938448a63275e8e3c7e352f.jpg,55
test,frame_with_red_121_jpg.rf.7ddef1551e1c7e516e5bcc8d73f3c99e.jpg,121,frame_with_red_120_jpg.rf.2875379edf15813c8a8bf6a7b498e2d4.jpg,1,frame_with_red_1515_jpg.rf.604bbdfe693c46955115bdeace8f926b.jpg,22
test,frame_with_red_1271_jpg.rf.cab3bed4e6a05e2abacfb2634478c481.jpg,1271,frame_with_red_1266_jpg.rf.e597a775d22119a9dab955d274a03f66.jpg,5,frame_with_red_11891_jpg.rf.9a0bdca20be4aac4012e06fe21b51890.jpg,16
test,frame_with_red_1298_jpg.rf.898ecf91ce233896e2777d458cc00d55.jpg,1298,frame_with_red_1297_jpg.rf.87b3ad5d6d9a31c9593a4492faf952b1.jpg,1,frame_with_red_1631_jpg.rf.fa259dd0f2b2ab748fc9b04418e2571c.jpg,22
test,frame_with_red_1405_jpg.rf.550623babe328f1235f99f3dbb00dc3c.jpg,1405,frame_with_red_1399_jpg.rf.a5d77c5f151f16de4e4580b3906c1cc8.jpg,6,frame_with_red_3725_jpg.rf.e308f67d560274befa82816830a02239.jpg,16
test,frame_with_red_1427_jpg.rf.daeb89c109d9f6c5cd71bbedf368263b.jpg,1427,frame_with_red_1422_jpg.rf.17fdfadb80f283700ac077945278c6c5.jpg,5,frame_with_red_1889_jpg.rf.9782a7ac94153555e7e3843049fbdce3.jpg,17
test,frame_with_red_1458_jpg.rf.3dd4f9d6ea5ba10ec34ef44857f43743.jpg,1458,frame_with_red_1458_jpg.rf.c2594213d1ff80e7c369162b1aa25bd4.jpg,0,frame_with_red_7_jpg.rf.d5cfafc57534c3c0ca79e487f42bfd83.jpg,29
test,frame_with_red_1521_jpg.rf.d84755c5a38dc2d29796aba832548116.jpg,1521,frame_with_red_1521_jpg.rf.1d9abc8064c2ab42d64ee97778121f68.jpg,0,frame_with_red_3711_jpg.rf.b27a10fb85d1a17cda6c2ee4c2989ec1.jpg,15
test,frame_with_red_161_jpg.rf.06295e8f303e16e10b4eb49d07d143c4.jpg,161,frame_with_red_159_jpg.rf.71511fced50fda90242b5714323ba3db.jpg,2,frame_with_red_5056_jpg.rf.ddbf2baebd17c6da107c22845b4308bf.jpg,17
test,frame_with_red_1695_jpg.rf.b061acbb5780fbacff7357ee1a2d1cfa.jpg,1695,frame_with_red_1696_jpg.rf.d36dc4ead8c10fad11357d3b8aa3f528.jpg,1,frame_with_red_1265_jpg.rf.8cfda3dbdcfd442c5174415cac99963c.jpg,20
test,frame_with_red_1787_jpg.rf.70ed940d3b25604798cb8952f154df7d.jpg,1787,frame_with_red_1793_jpg.rf.763c538388884e599bf0cbca1089db63.jpg,6,frame_with_red_2186_jpg.rf.3ca0d1825f551441dd2101e8e4c60d69.jpg,15
test,frame_with_red_199_jpg.rf.0692cbe1672a627aff81d40c37a737fb.jpg,199,frame_with_red_198_jpg.rf.6905bdb952aee07a82b4ff7e057d0b43.jpg,1,frame_with_red_4376_jpg.rf.2212818711cbca412cf939cab9e8743e.jpg,13
test,frame_with_red_21_jpg.rf.8321294d4ee87fa53070d90d0e307cfd.jpg,21,frame_with_red_25_jpg.rf.9b98d42b717bccba0107ed577c770805.jpg,4,frame_with_red_1932_jpg.rf.e764e477583772af01a5dde3c70d2c0d.jpg,19
test,frame_with_red_2248_jpg.rf.50d450af37e7c617f2924c679172d0ae.jpg,2248,frame_with_red_2247_jpg.rf.0e2f67aba02151894a4353ccfa7d1e94.jpg,1,frame_with_red_6254_jpg.rf.2b31486ec5617dd7576d795028a97a54.jpg,22
test,frame_with_red_2317_jpg.rf.a24cde42dfddd23d36b72a76e9fdd936.jpg,2317,frame_with_red_2316_jpg.rf.d022607883c8c19340e7170a10d3a33f.jpg,1,frame_with_red_1691_jpg.rf.cc327b67efb94a88f32dd8951bd828af.jpg,22
test,frame_with_red_258_jpg.rf.3d91c22136468962b6059582736269d2.jpg,258,frame_with_red_256_jpg.rf.435bfb889fab1b03caabad2f3c5e0062.jpg,2,frame_with_red_3645_jpg.rf.66eaaaa21a8da6fe9ae9c2a98dd3fa80.jpg,22
test,frame_with_red_2942_jpg.rf.c02869bdc84db7877590435089e73c94.jpg,2942,frame_with_red_2934_jpg.rf.92b486edf46476b0baa8452f2e370f8e.jpg,8,frame_with_red_8793_jpg.rf.e5f00f1e10d1e37ca8b0f95a93b0e574.jpg,16
test,frame_with_red_3117_jpg.rf.ea6d00c0f5328f22a8b4ccb84001a95a.jpg,3117,frame_with_red_3121_jpg.rf.5433b21c224aab594d7eef5972c8d310.jpg,4,frame_with_red_3573_jpg.rf.a383e40c4890e976a6ea641f186d61a7.jpg,16
test,frame_with_red_3303_jpg.rf.1cf9e53d04c915e017a8117abf7896de.jpg,3303,frame_with_red_3300_jpg.rf.bd00a654ee3a36c5afbd44579d302f5f.jpg,3,frame_with_red_4776_jpg.rf.7c7615087652995c65580b0946609470.jpg,14
test,frame_with_red_3371_jpg.rf.aa7c38af9b111d8d2a3028606128eea9.jpg,3371,frame_with_red_3385_jpg.rf.a24b5873eff90c80764a384326f17dd4.jpg,14,frame_with_red_1772_jpg.rf.9a4d3dc5c9a6540b26d07ea1e5eab295.jpg,18
test,frame_with_red_3381_jpg.rf.c939d4708134dc1f36484ee3ae58b915.jpg,3381,frame_with_red_3385_jpg.rf.a24b5873eff90c80764a384326f17dd4.jpg,4,frame_with_red_2488_jpg.rf.0f40f79c85869e5544ab4671f5d0310f.jpg,14
test,frame_with_red_3436_jpg.rf.ea5fb105aa28e7763eabd8ca3c3c144c.jpg,3436,frame_with_red_3443_jpg.rf.9cf70910b5baf6bd31e0ffacd2020d8c.jpg,7,frame_with_red_5175_jpg.rf.696ce03c179b966e26f25c193415b71f.jpg,15
test,frame_with_red_3441_jpg.rf.e536f9c3f567ef4885b0d9d4e9459aeb.jpg,3441,frame_with_red_3443_jpg.rf.9cf70910b5baf6bd31e0ffacd2020d8c.jpg,2,frame_with_red_9054_jpg.rf.71eb9f3eaa412631879ee081669a36d4.jpg,20
test,frame_with_red_3482_jpg.rf.45ecb1ea07214ab7e782e1abdf951713.jpg,3482,frame_with_red_3484_jpg.rf.942ba89759feb590c3bd574286ded540.jpg,2,frame_with_red_13205_jpg.rf.080ca5e6785d095d3494ac992960f560.jpg,14
test,frame_with_red_3613_jpg.rf.58555acefbba2182a254b44c1f659812.jpg,3613,frame_with_red_3598_jpg.rf.7a988010eaf89870dc02618d793ee4ae.jpg,15,frame_with_red_1570_jpg.rf.0bf4bda14cc36d83e0042b1df4d2c7c3.jpg,27
test,frame_with_red_3640_jpg.rf.cb2a26d22e0ca84ca7d07d343a8f14ff.jpg,3640,frame_with_red_3640_jpg.rf.b2f9daf2d5d62bf5a210b74fbd6081a6.jpg,0,frame_with_red_2053_jpg.rf.741e891d14e1d2333ad67ed8e140cba9.jpg,16
test,frame_with_red_378_jpg.rf.a1407af8f1cd751ed2f4fdd504d4a0c7.jpg,378,frame_with_red_386_jpg.rf.a7a05f7e3fabebd522f92a526545fd2f.jpg,8,frame_with_red_8902_jpg.rf.23b7f590445118f08222f65df2954fa4.jpg,19
test,frame_with_red_3798_jpg.rf.926d1c834bd8b59e4103206806769730.jpg,3798,frame_with_red_3796_jpg.rf.43e002e1e47f15ce86737300c11064ac.jpg,2,frame_with_red_4485_jpg.rf.c8a01249c0c1e675014194cfe3b38e6a.jpg,14
test,frame_with_red_3899_jpg.rf.ac21c5745e37f75c33f3bdbf7bf15a50.jpg,3899,frame_with_red_3902_jpg.rf.bfefb6d2520d5106ad62307bb61b2959.jpg,3,frame_with_red_1145_jpg.rf.811367bbe17ab30028373bd6c79a5ac2.jpg,28
test,frame_with_red_3989_jpg.rf.55c72008484950d8e9fef3ba25f7542d.jpg,3989,frame_with_red_3986_jpg.rf.656127047eb5e304d90d268ccec9ce19.jpg,3,frame_with_red_4463_jpg.rf.269fb4bd2c4cb22c98f8e9833a87f17c.jpg,22
test,frame_with_red_4027_jpg.rf.c728238b375f90688ce959652b1cdcb6.jpg,4027,frame_with_red_4035_jpg.rf.7f0ed82486ec00168a2360a3a722e53a.jpg,8,frame_with_red_7677_jpg.rf.1c636880c9e9d66aeafc400039cf4ff4.jpg,17
test,frame_with_red_4088_jpg.rf.43154d263b169c3b757e755a10c838a9.jpg,4088,frame_with_red_4089_jpg.rf.4098bdc8c7eee94dd3c077d8f8b38dd6.jpg,1,frame_with_red_305_jpg.rf.09dbb5c0e45255fb6e71fff70148fb74.jpg,25
test,frame_with_red_4145_jpg.rf.ceb3e35d0c9de840b844258f16808766.jpg,4145,frame_with_red_4145_jpg.rf.c6dffd3362b08b6dd4e71a41dd5cae96.jpg,0,frame_with_red_6059_jpg.rf.1ce84abe81eb6b5f1041759ac3913dab.jpg,17
test,frame_with_red_416_jpg.rf.d04d652551121f65ad26dfe13f9a5623.jpg,416,frame_with_red_412_jpg.rf.82192fa29174a742fac3ec32daac8626.jpg,4,frame_with_red_7941_jpg.rf.89779882a4c544587a0120b75fc7af04.jpg,22
test,frame_with_red_4170_jpg.rf.f559c57c548f13f3947ec7ad1adc9027.jpg,4170,frame_with_red_4170_jpg.rf.23d9e285654b98add3e9236b3162dbb5.jpg,0,frame_with_red_3725_jpg.rf.e308f67d560274befa82816830a02239.jpg,16
test,frame_with_red_437_jpg.rf.9cbfb75caf67c147d40dc9762b3831fa.jpg,437,frame_with_red_436_jpg.rf.6e57120e3eb761b8b71bc4a910151685.jpg,1,frame_with_red_1302_jpg.rf.7347ee1215bf1411eb2ef5f3220c6c67.jpg,23
test,frame_with_red_4426_jpg.rf.431217baf936ef0daaccb62301c93aea.jpg,4426,frame_with_red_4429_jpg.rf.0e6cb8692c014e4422008a63d5f90d85.jpg,3,frame_with_red_4485_jpg.rf.c8a01249c0c1e675014194cfe3b38e6a.jpg,14
test,frame_with_red_4523_jpg.rf.677ad5110a7239f50037afe04789f196.jpg,4523,frame_with_red_4522_jpg.rf.0775cc1979a72f23db2f3636a8f57074.jpg,1,frame_with_red_6254_jpg.rf.2b31486ec5617dd7576d795028a97a54.jpg,18
test,frame_with_red_4983_jpg.rf.5313447388136db157beb72a47886ae8.jpg,4983,frame_with_red_4978_jpg.rf.3dee42d13f9900413d9a135a36afbea1.jpg,5,frame_with_red_6604_jpg.rf.ed94a818021b22bdf8a28e8d2b9b0513.jpg,19
test,frame_with_red_5732_jpg.rf.37a34109c997a2ff90d407cc26a410b4.jpg,5732,frame_with_red_5732_jpg.rf.1874e11c2ab88c69d8d7c66027732b1a.jpg,0,frame_with_red_7494_jpg.rf.a5d88d1fac7a1663466e41df24dcf721.jpg,16
test,frame_with_red_5849_jpg.rf.0d18542b7f6fdabca76836455c2437e1.jpg,5849,frame_with_red_5849_jpg.rf.6f938f101395f2ee2c7cfa74876434ee.jpg,0,frame_with_red_3753_jpg.rf.1432d26f1a1de77c6ae69c1f48389cf9.jpg,21
test,frame_with_red_595_jpg.rf.fa7010690cdb44910ca8916dd3ed3660.jpg,595,frame_with_red_606_jpg.rf.bb5896c2a614bda8a8986a746b4c1f43.jpg,11,frame_with_red_1290_jpg.rf.d1eb8d45ca7c0ce9528f0cb9ee60e004.jpg,26
test,frame_with_red_6121_jpg.rf.df21c81c401d8dceba90050dbb7075fa.jpg,6121,frame_with_red_6119_jpg.rf.73716e69e352583a7a3f6316019a1fdc.jpg,2,frame_with_red_6336_jpg.rf.4d4076a5afb4d9f92e6c5360a4abded5.jpg,19
test,frame_with_red_6170_jpg.rf.e4283bbf6633350cf3a62347d2c230ea.jpg,6170,frame_with_red_6165_jpg.rf.947858d6983ab409649cce1274199b69.jpg,5,frame_with_red_1169_jpg.rf.09f4309f9c5a0a8c4ab3f7e9003a19e2.jpg,16
test,frame_with_red_6185_jpg.rf.5b842916bd256c1de4c6d69edbd26b88.jpg,6185,frame_with_red_6187_jpg.rf.7c23f01a6e310614de33ac33a9be2600.jpg,2,frame_with_red_2094_jpg.rf.587042f9e205de48bec82a0ad3e96cd4.jpg,20
test,frame_with_red_6253_jpg.rf.18fe4eedfb61203cb5bd9ae6ba76fba0.jpg,6253,frame_with_red_6252_jpg.rf.69122fe2f3f0231c6d0eee3acb1de99c.jpg,1,frame_with_red_9295_jpg.rf.b4bba8894cdf51e2d1ea757394735d0d.jpg,17
test,frame_with_red_62_jpg.rf.d3d3bac793028e91385e0b5fa4552346.jpg,62,frame_with_red_64_jpg.rf.a4124a2cebff177797808fed3a4f2bbc.jpg,2,frame_with_red_10346_jpg.rf.d65628e3f72a37e2693ac6768d2c80d3.jpg,20
test,frame_with_red_6338_jpg.rf.16d0d2f46b9d30ba087a8f35e1f7c5db.jpg,6338,frame_with_red_6337_jpg.rf.32c8911294daf53133d77dee26a1f921.jpg,1,frame_with_red_3725_jpg.rf.e308f67d560274befa82816830a02239.jpg,20
test,frame_with_red_6397_jpg.rf.bf0e63385e4b4b0223b993fdeaa930ba.jpg,6397,frame_with_red_6399_jpg.rf.520fb68694a4b0212c93c7461b7484cb.jpg,2,frame_with_red_4497_jpg.rf.81ceaac59d4049c34f4553202752d237.jpg,13
test,frame_with_red_6433_jpg.rf.f905ebeeeccbe8d82069b70fdce37a19.jpg,6433,frame_with_red_6434_jpg.rf.560d27425694814968ba103080c05ff2.jpg,1,frame_with_red_6230_jpg.rf.fcee1e46cfa2e38cc7f67caabc5211a9.jpg,18
test,frame_with_red_6456_jpg.rf.6e4af7506da0c19b9fe7ff52bf589a53.jpg,6456,frame_with_red_6461_jpg.rf.e5f5d2a20e8fe37f13336c73ff77452d.jpg,5,frame_with_red_3300_jpg.rf.bd00a654ee3a36c5afbd44579d302f5f.jpg,19
test,frame_with_red_692_jpg.rf.0f9279f8deaf23710c343ebdd6591e9a.jpg,692,frame_with_red_692_jpg.rf.5b2d674d79419c41c8cfaf3f57597c0d.jpg,0,frame_with_red_3882_jpg.rf.7e6fc07521f7c7c89b9d63cad122d095.jpg,17
test,frame_with_red_6945_jpg.rf.8de13f026aa1c31215e4b8486e784a70.jpg,6945,frame_with_red_6949_jpg.rf.f1eac6c401473bb9bcd74db475c66279.jpg,4,frame_with_red_2246_jpg.rf.c451d4d665cddc9fd85733d05b7fc613.jpg,22
test,frame_with_red_6959_jpg.rf.c488e92cedcf81c0b6eb8f75077405e3.jpg,6959,frame_with_red_6958_jpg.rf.d6e2de7775f83c02d0b526251e78aa54.jpg,1,frame_with_red_7118_jpg.rf.68d5229b1143b500e80a7beebd9741fb.jpg,14
test,frame_with_red_7073_jpg.rf.b061996847f837adcae918ec78aaadff.jpg,7073,frame_with_red_7071_jpg.rf.c3acc0e7f5a67993ccecf6886f393cdc.jpg,2,frame_with_red_6435_jpg.rf.f506e819e403ea5fe8e578e5a2a59d76.jpg,19
test,frame_with_red_72_jpg.rf.b4feb07921fa4c8b2f7a1d66ded20851.jpg,72,frame_with_red_67_jpg.rf.ea9056c8873a878780da5b507c07d954.jpg,5,frame_with_red_7183_jpg.rf.6b01d715a6d67e8d07a2b047b99659d6.jpg,20
test,frame_with_red_7325_jpg.rf.55f071716f48a506b939043b5b6f87e3.jpg,7325,frame_with_red_7326_jpg.rf.4538d7a61b2da4dd4bb885533f4dde26.jpg,1,frame_with_red_5856_jpg.rf.83a6091684d8c7a478da9704a3b04c51.jpg,18
test,frame_with_red_7399_jpg.rf.43c7966993f376867676b5fc0d0ab4b2.jpg,7399,frame_with_red_7395_jpg.rf.282c3c7158799c6c865b9f77e69a1fdf.jpg,4,frame_with_red_11891_jpg.rf.9a0bdca20be4aac4012e06fe21b51890.jpg,15
test,frame_with_red_7471_jpg.rf.f1d4f5dcc137a7844c8efee99b13cfbd.jpg,7471,frame_with_red_7473_jpg.rf.fa96fb51e7109e04cef73ee38dbe1219.jpg,2,frame_with_red_10842_jpg.rf.66933f7b380ce3ea0ea2f4cb8f4377fa.jpg,16
test,frame_with_red_7506_jpg.rf.bd0939e96796695266b30b1d9ef33113.jpg,7506,frame_with_red_7506_jpg.rf.12917b8df975911336cf2531d5c8308a.jpg,0,frame_with_red_3807_jpg.rf.f4703ba4791916fc0c92b693c60c2bc2.jpg,21
test,frame_with_red_7531_jpg.rf.645e0b731537a2f936a0126e6943662b.jpg,7531,frame_with_red_7532_jpg.rf.2120920a3f7480cfe8a53bd99aacf142.jpg,1,frame_with_red_4035_jpg.rf.7f0ed82486ec00168a2360a3a722e53a.jpg,17
test,frame_with_red_7581_jpg.rf.93b8f8c291592523ea55c50c9f904509.jpg,7581,frame_with_red_7580_jpg.rf.a65efbd67ebf37ca42b04c0b1ec42d6c.jpg,1,frame_with_red_6754_jpg.rf.73c2e9acc0ccabcf15731f644e5a405c.jpg,20
test,frame_with_red_7744_jpg.rf.6da9bdfbf27e2ba60260422a9559542b.jpg,7744,frame_with_red_7742_jpg.rf.7ac685e4746d5b52a942a54988d76d92.jpg,2,frame_with_red_5927_jpg.rf.f15adbf8b2da83f35871ac0742f9dac1.jpg,24
test,frame_with_red_7893_jpg.rf.1d0b828a45fd4a0bbb04cc9041d4215a.jpg,7893,frame_with_red_7894_jpg.rf.f23882fc1cdf76c70deea27ff1835fed.jpg,1,frame_with_red_6151_jpg.rf.f32418a6608bbfeca6f36d967e92b06d.jpg,22
test,frame_with_red_8146_jpg.rf.06bf86a4a34f49cf67fc42ad793eb18a.jpg,8146,frame_with_red_8146_jpg.rf.9ace522beb2d8dba188cbaab291a6815.jpg,0,frame_with_red_1484_jpg.rf.602426664cbabc1329c56a6a86b9ab03.jpg,16
test,frame_with_red_8182_jpg.rf.480726cd990ee8e245968635ba22aef5.jpg,8182,frame_with_red_8183_jpg.rf.1d836434eeb6ae6eac8977a2a8c632cc.jpg,1,frame_with_red_7725_jpg.rf.ec118b147a66fb39f5a46c7e3083aeb3.jpg,15
test,frame_with_red_8208_jpg.rf.c78f25ac3cbe0c8cf2b1abc5d3182862.jpg,8208,frame_with_red_8211_jpg.rf.59cea7c1f0d513e1bb9589e3cc9ddbdf.jpg,3,frame_with_red_3782_jpg.rf.6d8ad2eb4708141ef6045351dc5020fc.jpg,17
test,frame_with_red_8337_jpg.rf.bbb348c5cb1e01e38c506c435f7c37ce.jpg,8337,frame_with_red_8327_jpg.rf.10393979750fe7b3d0d0fefa4494f32a.jpg,10,frame_with_red_1090_jpg.rf.39c3ec0b676fe52ab767267bc65ca8f8.jpg,15
test,frame_with_red_8565_jpg.rf.2c6431b0fa1a32fbf48be7f0e85f4813.jpg,8565,frame_with_red_8565_jpg.rf.064318a820d16252ef5020c8289aab43.jpg,0,frame_with_red_6472_jpg.rf.ac0f6e5ddc8ff1d493845356e121074e.jpg,15
test,frame_with_red_8625_jpg.rf.03f3b39cd9e5396175adea2b7b7bc23e.jpg,8625,frame_with_red_8623_jpg.rf.6031487869b0b82087da7cc0fd129696.jpg,2,frame_with_red_999_jpg.rf.610dc4331fcd648e766210e1e9443614.jpg,20
test,frame_with_red_889_jpg.rf.eb65c24d782d7e2f3196daaf108fbb77.jpg,889,frame_with_red_902_jpg.rf.4a5ec3eab0aeca9301001ac366a160a5.jpg,13,frame_with_red_4646_jpg.rf.ca9dddf8e5a1f77aa03f4e4d084088c5.jpg,17
test,frame_with_red_9017_jpg.rf.bc2f7869b6f3f7cc700844ef66048f20.jpg,9017,frame_with_red_9016_jpg.rf.5d6fca0750b6026750f95d0e62a8964f.jpg,1,frame_with_red_3165_jpg.rf.3dbf0d5f24a934b4c647955e0e8745d0.jpg,22
test,frame_with_red_908_jpg.rf.79ba95051672c6750628b567defcfbd5.jpg,908,frame_with_red_909_jpg.rf.30dbe6e24529a5034d083690ec01f163.jpg,1,frame_with_red_4388_jpg.rf.85f04ebe65a8edb97fe39af1ae61590a.jpg,17
test,frame_with_red_9202_jpg.rf.ac65c0a05814b40b4d39aba226939d8e.jpg,9202,frame_with_red_9199_jpg.rf.892968780c8f07a852f7404d88238556.jpg,3,frame_with_red_10136_jpg.rf.225e5ac593188fcdedc2b5ec0e791176.jpg,23
test,frame_with_red_9300_jpg.rf.ed22f6c1331143b6b68fdeb3c5688fd3.jpg,9300,frame_with_red_9301_jpg.rf.4d6ef82c2ad89862b55113ae1a1f0199.jpg,1,frame_with_red_6265_jpg.rf.e53b974835c9d2be7b4445b5b329d200.jpg,17
test,frame_with_red_931_jpg.rf.facb5127f757d01c8869c5b3a87f5709.jpg,931,frame_with_red_930_jpg.rf.217e3434dc5d78d8edec34c1dbe95510.jpg,1,frame_with_red_3523_jpg.rf.88f551f79d51a083323898fa0ea22333.jpg,35
